{"cameraMode":{"drawMode":0,"name":"Shaded","section":"Shading Mode"},"sceneLighting":true,"audioPlay":false,"sceneViewState":{"m_AlwaysRefresh":false,"showFog":true,"showSkybox":true,"showFlares":true,"showImageEffects":true,"showParticleSystems":true,"showVisualEffectGraphs":true,"m_FxEnabled":true},"in2DMode":false,"pivot":{"x":3.1135189533233644,"y":2.8032989501953127,"z":-0.013569831848144532},"rotation":{"x":-0.0056715672835707668,"y":-0.010494133457541466,"z":-0.0018555019050836564,"w":1.0001338720321656},"size":2.1291582584381105,"orthographic":false}