{"cameraMode":{"drawMode":0,"name":"Shaded","section":"Shading Mode"},"sceneLighting":true,"audioPlay":false,"sceneViewState":{"m_AlwaysRefresh":false,"showFog":true,"showSkybox":true,"showFlares":true,"showImageEffects":true,"showParticleSystems":true,"showVisualEffectGraphs":true,"m_FxEnabled":true},"in2DMode":false,"pivot":{"x":3.255437135696411,"y":1.4576430320739747,"z":0.051653385162353519},"rotation":{"x":-0.0056715672835707668,"y":-0.010494133457541466,"z":-0.0018555019050836564,"w":1.0001338720321656},"size":1.4135924577713013,"orthographic":false}