{"cameraMode":{"drawMode":0,"name":"Shaded","section":"Shading Mode"},"sceneLighting":true,"audioPlay":false,"sceneViewState":{"m_AlwaysRefresh":false,"showFog":true,"showSkybox":true,"showFlares":true,"showImageEffects":true,"showParticleSystems":true,"showVisualEffectGraphs":true,"m_FxEnabled":true},"in2DMode":false,"pivot":{"x":5.472842693328857,"y":5.23200798034668,"z":0.0748891830444336},"rotation":{"x":-0.0056715672835707668,"y":-0.010494133457541466,"z":-0.0018555019050836564,"w":1.0001338720321656},"size":4.725083827972412,"orthographic":false}