{"cameraMode":{"drawMode":0,"name":"Shaded","section":"Shading Mode"},"sceneLighting":true,"audioPlay":false,"sceneViewState":{"m_AlwaysRefresh":false,"showFog":true,"showSkybox":true,"showFlares":true,"showImageEffects":true,"showParticleSystems":true,"showVisualEffectGraphs":true,"m_FxEnabled":true},"in2DMode":false,"pivot":{"x":0.3852047920227051,"y":-0.007508277893066406,"z":-0.2586631774902344},"rotation":{"x":-0.02364586852490902,"y":-0.022456418722867967,"z":-0.002328375121578574,"w":0.9996731281280518},"size":2.2897164821624758,"orthographic":true}