{"cameraMode":{"drawMode":0,"name":"Shaded","section":"Shading Mode"},"sceneLighting":true,"audioPlay":false,"sceneViewState":{"m_AlwaysRefresh":false,"showFog":true,"showSkybox":true,"showFlares":true,"showImageEffects":true,"showParticleSystems":true,"showVisualEffectGraphs":true,"m_FxEnabled":true},"in2DMode":false,"pivot":{"x":3.0917246341705324,"y":5.2178120613098148,"z":0.005543708801269531},"rotation":{"x":-0.0056715672835707668,"y":-0.010494133457541466,"z":-0.0018555019050836564,"w":1.0001338720321656},"size":4.438275337219238,"orthographic":false}