{"cameraMode":{"drawMode":0,"name":"Shaded","section":"Shading Mode"},"sceneLighting":true,"audioPlay":false,"sceneViewState":{"m_AlwaysRefresh":false,"showFog":true,"showSkybox":true,"showFlares":true,"showImageEffects":true,"showParticleSystems":true,"showVisualEffectGraphs":true,"m_FxEnabled":true},"in2DMode":false,"pivot":{"x":10.170446395874024,"y":10.387153625488282,"z":0.06041145324707031},"rotation":{"x":-0.02364586852490902,"y":-0.022456418722867967,"z":-0.002328375121578574,"w":0.9996731281280518},"size":2.234581708908081,"orthographic":true}